user_id,word,dialect_region,city,language,gender,agegroup,mfcc_1,mfcc_2,mfcc_3,mfcc_4,mfcc_5,mfcc_6,mfcc_7,mfcc_8,mfcc_9,mfcc_10,mfcc_11,mfcc_12,mfcc_13
user_001,hello,padil,mangalore,kannada,female,18-25,-577.5862,121.685646,29.203205,2.3449793,-4.699766,-10.043246,-2.3229802,-1.6947088,-6.927345,-5.9058175,-2.6570966,-0.9681642,-2.9741848
user_002,water,kankanady,mangalore,kannada,female,18-25,-628.20715,82.621414,33.579227,34.312706,22.360348,-2.4746013,-5.893148,-0.3637191,-2.7835908,-8.920932,-4.5377846,0.63760316,-5.8315077
user_003,tomato,padil,mangalore,kannada,female,18-25,-667.532,90.03179,11.297447,7.5067945,11.748651,0.4059951,-1.9621055,-3.616242,-3.383437,-0.3908343,-0.43185523,1.9103148,2.1329513
user_004,school,padil,mangalore,kannada,female,21-25,-603.8206,110.10738,9.736807,28.34382,13.628901,-4.996141,-0.19991827,-10.866105,-7.8088593,-3.8322,-5.3123693,0.7536887,-2.7010944
